,Pattern,Classical_FI,Quantum_FI,Enhancement_Factor
0,Normal,8.807949453789888e-07,4060125.983084639,4609615443850.721
1,Wheezing,0.008892896439746131,104924.68632420784,11798707.770311465
2,Crackles,1.4478428746723008e-05,52062148172.53427,3595842413792161.0
3,Rhonchi,0.004056858641844002,783379.4491087291,193100011.1831977
4,Stridor,0.1070162897045767,39214.190801587225,366431.9788121955
