Squeezing,Entanglement,Decoherence,Efficiency
0.20089735754215965,0.314208144424724,0.38919490139355173,1.0
